{
    "type": "apoli:multiple",
    "hidden": true,
    "green": {
      "type": "apoli:overlay",
      "hidden": true,
      "texture": "minecraft:textures/misc/nausea.png",
      "red": 0.2,
      "green": 0.4,
      "blue": 0.2,
      "strength": 0.7,
      "draw_mode": "nausea",
      "draw_phase": "above_hud",
      "visible_in_third_person": true,
      "hide_with_hud": true,
      "condition": {
        "type": "origins:and",
        "conditions": [
            {
                "type": "origins:power_active",
                "power": "tera:khaquetos/burrow_sandize"
            },
            {
                "type": "origins:resource",
                "resource": "tera:khaquetos/form",
                "comparison": "==",
                "compare_to": 0
            }
        ]
    }
    },
    "orange": {
      "type": "apoli:overlay",
      "hidden": true,
      "texture": "minecraft:textures/misc/nausea.png",
      "red": 0.3,
      "green": 0.3,
      "blue": 0.2,
      "strength": 0.7,
      "draw_mode": "nausea",
      "draw_phase": "above_hud",
      "visible_in_third_person": true,
      "hide_with_hud": true,
      "condition": {
        "type": "origins:and",
        "conditions": [
            {
                "type": "origins:power_active",
                "power": "tera:khaquetos/burrow_sandize"
            },
            {
                "type": "origins:resource",
                "resource": "tera:khaquetos/form",
                "comparison": "==",
                "compare_to": 0
            }
        ]
    }
    },
    "red": {
      "type": "apoli:overlay",
      "hidden": true,
      "texture": "minecraft:textures/misc/nausea.png",
      "red": 0.4,
      "green": 0.2,
      "blue": 0.2,
      "strength": 0.7,
      "draw_mode": "nausea",
      "draw_phase": "above_hud",
      "visible_in_third_person": true,
      "hide_with_hud": true,
      "condition": {
        "type": "origins:and",
        "conditions": [
            {
                "type": "origins:power_active",
                "power": "tera:khaquetos/burrow_sandize"
            },
            {
                "type": "origins:resource",
                "resource": "tera:khaquetos/form",
                "comparison": "==",
                "compare_to": 0
            }
        ]
    }
    }
  }