{
    "hidden": true,
      "type": "origins:climbing",
      "hold_condition": {
        "type": "origins:and",
        "conditions": [
          {
            "type": "origins:or",
            "conditions": [
              {
                "type": "origins:block_collision",
                "offset_x": 0.01,
                "offset_z": 0.01,
                "offset_y": 0
              },
              {
                "type": "origins:block_collision",
                "offset_x": -0.01,
                "offset_z": -0.01,
                "offset_y": 0
              }
            ]
          },
          {
            "type": "origins:power_active",
            "power": "tera:khaquetos/burrow_sandize"
          },
          {
            "type": "origins:resource",
            "resource": "tera:khaquetos/form",
            "comparison": "==",
            "compare_to": 0
          }
        ]
      },
      "condition": {
        "type": "origins:and",
        "conditions": [
          {
            "type": "origins:collided_horizontally"
          },
          {
            "type": "origins:power_active",
            "power": "tera:khaquetos/burrow_sandize"
          },
          {
            "type": "origins:resource",
            "resource": "tera:khaquetos/form",
            "comparison": "==",
            "compare_to": 0
          }
        ]
      }
}