{
    "name": "Switch form",
    "description": "Press the saveToolbarActivator key (default C) to swtich between your water and sand form.",
    "type": "origins:active_self",
    "entity_action": {
        "type": "origins:if_else",
        "condition": {
            "type": "origins:resource",
            "resource": "tera:khaquetos/form",
            "comparison": "==",
            "compare_to": 0
        },
        "if_action": {
            "type": "origins:change_resource",
            "resource": "tera:khaquetos/form",
            "change": 1,
            "operation": "set"
        },
        "else_action": {
            "type": "origins:change_resource",
            "resource": "tera:khaquetos/form",
            "change": 0,
            "operation": "set"
        }
    },
    "cooldown": 300,
    "hud_render": {
        "should_render": true,
        "sprite_location": "origins:textures/gui/community/spiderkolo/resource_bar_02.png",
        "bar_index": 15,
        "condition": {
            "type": "origins:resource",
            "resource": "tera:khaquetos/switch",
            "comparison": "!=",
            "compare_to": 0
        }
    },
    "key": {
        "key": "key.saveToolbarActivator",
        "continuous": false
    },
    "condition": {
        "type": "origins:constant",
        "value": true
    }
}