{
    "name": "Blitz",
    "description": "Dash forward and gain speed 4. Costs hunger.",
    "type": "origins:active_self",
    "entity_action": {
        "type": "origins:and",
        "actions": [
            {
                "type": "origins:feed",
                "food": -10,
                "saturation": 0
            },
            {
                "type": "origins:add_velocity",
                "z": 2,
                "space": "local_horizontal"
            },
            {
                "type": "origins:delay",
                "ticks": 10,
                "action": {
                    "type": "origins:apply_effect",
                    "effect": {
                        "effect": "minecraft:speed",
                        "amplifier": 3,
                        "duration": 40,
                        "show_particles": false
                    }
                }
            }
        ]
    },
    "cooldown": 240,
    "hud_render": {
        "should_render": true,
        "sprite_location": "origins:textures/gui/resource_bar.png",
        "bar_index": 2
    },
    "key": {
        "key": "key.origins.secondary_active"
    },
    "condition": {
        "type": "origins:food_level",
        "comparison": ">",
        "compare_to": 5
    }
}