{
    "hidden": true,
    "type": "origins:conditioned_attribute",
    "modifier": {
        "attribute": "minecraft:generic.movement_speed",
        "value": 0.24,
        "operation": "multiply_total"
    },
    "tick_rate": 20,
    "condition": {
        "type": "origins:and",
        "conditions": [
            {
        "type": "origins:block_in_radius",
        "block_condition": {
                    "type": "origins:fluid",
                    "fluid_condition": {
                        "type": "origins:in_tag",
                        "tag": "minecraft:water"
                    }
                },
                "inverted": true,
                "radius": 2,
                "shape": "cube",
                "comparison": ">",
                "compare_to": 0
            },
            {
            "type": "origins:block_in_radius",
            "block_condition": {
                        "type": "origins:in_tag",
                        "tag": "tera:copper"
                    },
                    "inverted": true,
                    "radius": 2,
                    "shape": "cube",
                    "comparison": ">",
                    "compare_to": 0
            }
        ]
    }
}