{
    "name": "Claustraphobia",
    "description": "As a flora, you suffer from crippling claustraphobia.",
  "type": "origins:stacking_status_effect",
  "min_stacks": -20,
  "max_stacks": 361,
  "duration_per_stack": 10,
  "effects": [
    {
      "effect": "minecraft:weakness",
      "is_ambient": true,
      "show_particles": false,
      "show_icon": true
    },
    {
      "effect": "minecraft:slowness",
      "is_ambient": true,
      "show_particles": false,
      "show_icon": true
    }
  ],
  "condition": {
    "type": "origins:and",
    "conditions": [
        {
    "type": "origins:block_collision",
    "offset_x": 0,
    "offset_y": 1,
    "offset_z": 0
        },
        {
            "type": "origins:resource",
            "resource": "tera:morsellus/form",
            "comparison": "==",
            "compare_to": 0
        }
    ]
  }
}