{
    "name": "Overgrow",
    "description": "Converts all cobble into mossy cobble nearby. (MUSHROOM)",
    "type": "origins:active_self",
    "entity_action": {
        "type": "origins:and",
        "actions": [
            {
                "type": "origins:feed",
                "food": -2,
                "saturation": 0
            },
            {
                "type": "origins:execute_command",
                "command": "execute at @s run fill ~-2 ~-2 ~-2 ~2 ~2 ~2 minecraft:mossy_cobblestone replace minecraft:cobblestone",
                "permission_level": 4
            }
        ]
    },
    "cooldown": 400,
    "hud_render": {
        "should_render": true,
        "bar_index": 7,
        "sprite_location": "origins:textures/gui/community/spiderkolo/resource_bar_01.png",
        "condition": {
            "type": "origins:resource",
            "resource": "tera:morsellus/overgrow",
            "comparison": "!=",
            "compare_to": 0
        }
    },
    "key": {
        "key": "key.origins.primary_active",
        "continuous": false
    },
    "condition":{
        "type": "origins:resource",
        "resource": "tera:morsellus/form",
        "compare_to": 1,
        "comparison": "=="
    }
}