{
    "name": "Plant growth",
    "description": "Bonemeals where you are looking at, consumes your own hunger. (FLORA)",
    "type": "origins:active_self",
    "entity_action": {
        "type": "origins:and",
        "actions": [
            {
                "type": "origins:feed",
                "food": -1,
                "saturation": 0
            },
            {
                "type": "origins:raycast",
                "distance": 100,
                "block": true,
                "entity": true,
                "shape_type": "visual",
                "fluid_handling": "any",
                "block_action":{
                    "type": "origins:bonemeal",
                    "effects": true
                },
                "command_step": 1,
                "command_along_ray_only_on_hit": true
            }
        ]
    },
    "cooldown": 1,
    "hud_render": {
        "should_render": false
    },
    "key": {
        "key": "key.origins.primary_active",
        "continuous": false
    },
    "condition":{
        "type": "origins:resource",
        "resource": "tera:morsellus/form",
        "compare_to": 0,
        "comparison": "=="
    }
}