{
    "name": "Firewalk",
    "description": "Blast flames around you setting nearby entities on fire as well as the ground you are standing on. LAVA FORM",
    "type": "origins:active_self",
    "entity_action": {
        "type": "origins:and",
        "actions": [
            {
                "type": "origins:area_of_effect",
                "radius": 5,
                "bientity_action": {
                    "type": "origins:target_action",
                    "action": {
                        "type": "origins:set_on_fire",
                        "duration": 5
                    }
                },
                "include_target": true,
                "bientity_condition": {
                    "type": "origins:and",
                    "conditions": [
                        {
                            "type": "origins:can_see"
                        },
                        {
                            "type": "origins:target_condition",
                            "condition": {
                                "type": "origins:entity_type",
                                "entity_type": "minecraft:villager",
                                "inverted": true
                            }
                        },
                        {
                            "type": "origins:target_condition",
                            "condition": {
                                "type": "origins:tamed",
                                "inverted": true
                            }
                        }
                    ]
                }
            },
            {
                "type": "origins:block_action_at",
                "block_action": {
                    "type": "origins:offset",
                    "action": {
                        "type": "origins:add_block",
                        "block": "minecraft:fire"
                    },
                    "y": -1
                }
            }
        ]
    },
    "cooldown": 400,
    "hud_render": {
        "should_render": true,
        "bar_index": 7,
        "sprite_location": "origins:textures/gui/resource_bar.png"
    },
    "key": {
        "key": "key.origins.primary_active"
    },
    "condition": {
        "type": "origins:resource",
        "resource": "tera:pyralisk/form",
        "comparison": "==",
        "compare_to": 0
    }
}