{
    "name": "Water's favor",
    "description": "Breathes underwater, moves smoothly and sees clearly. WATER FORM",
    "type": "origins:multiple",
    "breath":{ 
        "type": "origins:action_over_time",
    "entity_action": {
        "type": "origins:apply_effect",
        "effect": {
            "effect": "minecraft:water_breathing",
            "duration": 10,
            "amplifier": 1,
            "show_particles": false
        }
    },
    "condition": {
        "type": "origins:and",
        "conditions": [
            {
                "type": "origins:submerged_in",
                "fluid": "minecraft:water"
            },
            {
                "type": "origins:resource",
                "resource": "tera:pyralisk/form",
                "comparison": "==",
                "compare_to": 1
            }
        ]
    },
    "interval": 1
    },
    "watervision":{
        "type": "origins:toggle_night_vision",
        "strength": 1.0,
        "condition": {
            "type": "origins:and",
            "conditions": [
                {
                    "type": "origins:submerged_in",
                    "fluid": "minecraft:water"
                },
                {
                    "type": "origins:resource",
                    "resource": "tera:pyralisk/form",
                    "comparison": "==",
                    "compare_to": 1
                }
            ]
        },
        "active_by_default": true,
        "key": {
          "key": "key.origins.secondary_active",
          "continuous": false
        }
    },
    "underwater": {
      "type": "origins:modify_break_speed",
      "modifier": {
        "operation": "multiply_total",
        "value": 4
      },
      "condition": {
        "type": "origins:and",
        "conditions": [
          {
            "type": "origins:submerged_in",
            "fluid": "minecraft:water"
          },
          {
            "type": "origins:enchantment",
            "enchantment": "minecraft:aqua_affinity",
            "comparison": "==",
            "compare_to": 0
          },
          {
            "type": "origins:resource",
            "resource": "tera:pyralisk/form",
            "comparison": "==",
            "compare_to": 1
          }
        ]
      }
    },
    "ungrounded": {
      "type": "origins:modify_break_speed",
      "modifier": {
        "operation": "multiply_total",
        "value": 4
      },
      "condition": {
        "type": "origins:and",
        "conditions": [
          {
            "type": "origins:fluid_height",
            "fluid": "minecraft:water",
            "comparison": ">",
            "compare_to": 0
          },
          {
            "type": "origins:on_block",
            "inverted": true
          },
          {
            "type": "origins:resource",
            "resource": "tera:pyralisk/form",
            "comparison": "==",
            "compare_to": 1
        }
        ]
      }
    },
    "swimspeed":{
        "type": "origins:conditioned_attribute",
        "modifier": {
          "attribute": "additionalentityattributes:water_speed",
          "name": "Additional swim speed",
          "value": 1.5,
          "operation": "multiply_base"
        },
        "tick_rate": 10,
        "condition":{
            "type": "origins:resource",
            "resource": "tera:pyralisk/form",
            "comparison": "==",
            "compare_to": 1
        }
    }
}