{
    "name": "Egg",
    "description": "Sit. On. Egg.",
    "type": "origins:multiple",
    "resource": {
        "type": "origins:resource",
        "min": 0,
        "max": 30,
        "hud_render": {
            "should_render": true,
            "bar_index": 2,
            "sprite_location": "origins:textures/gui/community/huang/resource_bar_02.png"
        }
    },
    "laying": {
        "type": "origins:action_over_time",
        "entity_action": {
            "type": "origins:if_else",
            "condition": {
                "type": "origins:resource",
                "resource": "tera:vulaera/egg_resource",
                "comparison": "==",
                "compare_to": 30
            },
            "if_action": {
                "type": "origins:and",
                "actions": [
                  {
                    "type": "origins:give",
                    "stack": {
                      "item": "minecraft:egg"
                    }
                  },
                  {
                    "type": "origins:play_sound",
                    "sound": "minecraft:entity.chicken.egg"
                  },
                  {
                      "type": "origins:change_resource",
                      "resource": "tera:vulaera/egg_resource",
                      "change": 0,
                      "operation": "set"
                  }
                ]
            },
            "else_action": {
                "type": "origins:change_resource",
                "resource": "tera:vulaera/egg_resource",
                "change": 1
            }
        },
        "interval": 20,
        "condition": {
            "type": "origins:sneaking"
        }
    }
}