{
    "name": "Feathered folk",
    "description": "Slow falling and swift movement in the air",
    "type": "apoli:modify_falling",
    "velocity": 0.01,
    "take_fall_damage": false,
    "condition": {
        "type": "origins:and",
        "conditions": [
            {
      "type": "origins:or",
      "conditions": [
        {
          "type": "origins:and",
          "conditions": [
            {
              "type": "origins:sneaking"
            },
            {
              "type": "origins:fall_flying"
            }
          ]
        },
        {
          "type": "origins:and",
          "conditions": [
            {
              "type": "origins:sneaking",
              "inverted": true
            },
            {
              "type": "origins:fall_flying",
              "inverted": true
            }
          ]
        }
      ]
    },
    {
        "type": "origins:resource",
        "resource": "tera:vulaera/weight_check",
        "comparison": "==",
        "compare_to": 0
    }
    ]
    }
}