{
    "type": "origins:multiple",
    "check": {
        "type": "origins:resource",
        "min": 0,
        "max": 1,
        "hud_render": {
        "should_render": false
        }
    },
    "setweight":{
            "type": "origins:action_over_time",
            "entity_action": {
                "type": "origins:if_else",
                "condition": {
                    "type": "origins:or",
                    "conditions": [
                        {
                    "type": "origins:equipped_item",
                    "equipment_slot": "head",
                    "item_condition": {
                        "type": "origins:ingredient",
                        "ingredient": {
                            "tag": "tera:heavy_armor"
                        }
                    }
                },
                {
                    "type": "origins:equipped_item",
                    "equipment_slot": "chest",
                    "item_condition": {
                        "type": "origins:ingredient",
                        "ingredient": {
                            "tag": "tera:heavy_armor"
                        }
                    }
                },
                {
                    "type": "origins:equipped_item",
                    "equipment_slot": "legs",
                    "item_condition": {
                        "type": "origins:ingredient",
                        "ingredient": {
                            "tag": "tera:heavy_armor"
                        }
                    }
                },
                {
                    "type": "origins:equipped_item",
                    "equipment_slot": "feet",
                    "item_condition": {
                        "type": "origins:ingredient",
                        "ingredient": {
                            "tag": "tera:heavy_armor"
                        }
                    }
                }
                ]
                },
                "if_action": {
                    "type": "origins:change_resource",
                    "resource": "tera:vulaera/weight_check",
                    "change": 1,
                    "operation": "set"
                },
                "else_action": {
                    "type": "origins:change_resource",
                    "resource": "tera:vulaera/weight_check",
                    "change": 0,
                    "operation": "set"
                }
                
            },
            "interval": 10,
            "condition": {
                "type": "origins:constant",
                "value": true
            }
        
    }
}