{
    "type": "origins:multiple",
    "name": "Wind Blast",
    "description": "You conjure a powerful blast of air to knockback your enemies.",
    "hidden": false,
    "projectile":
    {
        "type": "origins:fire_projectile",
        "cooldown": 300,
        "hud_render":
        {
            "bar_index": 5
        },
        "entity_type": "minecraft:llama_spit",
        "sound": "minecraft:item.armor.equip_elytra",
        "speed": 2.5,
        "count": 30,
        "divergence": 20,
        "key": "secondary"
    },
    "knockback":
    {
        "type": "origins:target_action_on_hit",
        "cooldown": 1,
        "entity_action":
        {
            "type": "origins:add_velocity",
            "space": "velocity_horizontal_normalized",
            "set": false,
            "z": 2,
            "y": 0.2
        },
        "damage_condition":
        {
            "type": "origins:and",
            "inverted": false,
            "conditions": [
                {
                    "type": "origins:projectile",
                    "inverted": false,
                    "projectile": "minecraft:llama_spit"
                }
            ]
        }
    },
    "movement":{
        
            "type": "origins:active_self",
            "entity_action": {
                "type": "origins:add_velocity",
                "z": -0.6,
                "space": "local"
            },
            "cooldown": 300,
            "sound": "?",
            "hud_render": {
                "should_render": false,
                "bar_index": 4
            },
            "hidden": true,
            "key": {
                "key": "key.origins.secondary_active"
            }
    }
}